{
  "project_info": {
    "project_number": "237671527761",
    "firebase_url": "https://travelmantics-cc35b.firebaseio.com",
    "project_id": "travelmantics-cc35b",
    "storage_bucket": "travelmantics-cc35b.appspot.com"
  },
  "client": [
    {
      "client_info": {
        "mobilesdk_app_id": "1:237671527761:android:b4470d06b32c6715",
        "android_client_info": {
          "package_name": "com.example.travelmantics"
        }
      },
      "oauth_client": [
        {
          "client_id": "237671527761-fsk1o4322j1foocktp2nvfifjppn5m83.apps.googleusercontent.com",
          "client_type": 1,
          "android_info": {
            "package_name": "com.example.travelmantics",
            "certificate_hash": "28c0ebcc1fee9be7f34dc0c172643104fa0b90f7"
          }
        },
        {
          "client_id": "237671527761-uorqvl5j1jns69sc0ff8ji8t8gm2f18j.apps.googleusercontent.com",
          "client_type": 3
        }
      ],
      "api_key": [
        {
          "current_key": "AIzaSyA6Nievqii0IAPuZLlm7FDW9iNpDEARJ-s"
        }
      ],
      "services": {
        "appinvite_service": {
          "other_platform_oauth_client": [
            {
              "client_id": "237671527761-uorqvl5j1jns69sc0ff8ji8t8gm2f18j.apps.googleusercontent.com",
              "client_type": 3
            }
          ]
        }
      }
    }
  ],
  "configuration_version": "1"
}